postgres=# create database dept_emp;
CREATE DATABASE
postgres=# \c dept_emp;
Password:
SSL connection (protocol: TLSv1.3, cipher: TLS_AES_256_GCM_SHA384, bits: 256, compression:ddddedeptdepdedept_emp=# create table dept(dno int primary key,dname varchar(50),dlocation varchar(50));
CREATE TABLE
dept_emp=# insert into dept values(1,'Engineering and Product Development','pimpri');
INSERT 0 1
dept_emp=# insert into dept values(2,'Research and Development (R&D)','pune');
INSERT 0 1
dept_emp=# insert into dept values(3,'Sales and Marketing','pune');
INSERT 0 1
dept_emp=# select * from dept;
 dno |                dname                | dlocation
-----+-------------------------------------+-----------
   1 | Engineering and Product Development | pimpri
   2 | Research and Development (R&D)      | pune
   3 | Sales and Marketing                 | pune
(3 rows)

dept_emp=# create table emp(eno int primary key,ename varchar(50),edesignation varchar(50),esalary float);
CREATE TABLE
dept_emp=# insert into emp(1,'prajwal','team_head',75000);
ERROR:  syntax error at or near "1"
LINE 1: insert into emp(1,'prajwal','team_head',75000);
                        ^
dept_emp=# insert into emp values(1,'prajwal','team_head',75000);
INSERT 0 1
dept_emp=# insert into emp values(2,'arjun','SDE1',45000);
INSERT 0 1
dept_emp=# insert into emp values(3,'priya','SDE1',45000);
INSERT 0 1
dept_emp=# insert into emp values(3,'supriya','R&D',50000);
ERROR:  duplicate key value violates unique constraint "emp_pkey"
DETAIL:  Key (eno)=(3) already exists.
dept_emp=# insert into emp values(4,'supriya','R&D',50000);
INSERT 0 1
dept_emp=# insert into emp values(5,'vijay','R&D',50000);
INSERT 0 1
dept_emp=# insert into emp values(6,'amit','sales_analyst',40000);
INSERT 0 1
dept_emp=# select * from emp;
 eno |  ename  | edesignation  | esalary
-----+---------+---------------+---------
   1 | prajwal | team_head     |   75000
   2 | arjun   | SDE1          |   45000
   3 | priya   | SDE1          |   45000
   4 | supriya | R&D           |   50000
   5 | vijay   | R&D           |   50000
   6 | amit    | sales_analyst |   40000
(6 rows)

dept_emp=# create table deptemp(dno int references dept(dno),eno int references emp(eno));
CREATE TABLE

dept_emp=# create table deptemp(dno int references dept(dno),eno int references emp(eno));
CREATE TABLE
dept_emp=# insert into deptemp values(1,2);
INSERT 0 1
dept_emp=# insert into deptemp values(1,3);
INSERT 0 1
dept_emp=# insert into deptemp values(2,1);
INSERT 0 1
dept_emp=# insert into deptemp values(2,4);
INSERT 0 1
dept_emp=# insert into deptemp values(2,5);
INSERT 0 1
dept_emp=# insert into deptemp values(3,6);
INSERT 0 1
dept_emp=# select * from deptemp;
 dno | eno
-----+-----
   1 |   2
   1 |   3
   2 |   1
   2 |   4
   2 |   5
   3 |   6
(6 rows)


prajwal bagewadi <bagewadi.prajwal44@gmail.com>
10:11 AM (6 hours ago)
to prajwal

dept_emp=# select dept.dname,emp.* from dept,emp,deptemp where deptemp.dno=dept.dno and deptemp.eno=emp.eno and dept.dname='Research and Development (R&D)';
             dname              | eno |  ename  | edesignation | esalary
--------------------------------+-----+---------+--------------+---------
 Research and Development (R&D) |   1 | prajwal | team_head    |   75000
 Research and Development (R&D) |   4 | supriya | R&D          |   50000
 Research and Development (R&D) |   5 | vijay   | R&D          |   50000
(3 rows)


dept_emp=# select * from dept
dept_emp-# ;
 dno |                dname                | dlocation
-----+-------------------------------------+-----------
   1 | Engineering and Product Development | pimpri
   2 | Research and Development (R&D)      | pune
   3 | Sales and Marketing                 | pune
(3 rows)


prajwal bagewadi <bagewadi.prajwal44@gmail.com>
3:26 PM (1 hour ago)
to prajwal

dept_emp=# select dept.dname,count(emp.*) from dept,emp,deptemp where dept.dno=deptemp.dno and emp.eno=deptemp.eno and dept.dname='Sales and Marketing' group by dname;
        dname        | count
---------------------+-------
 Sales and Marketing |     1
(1 row)